Región Salud PTRRMR,Municipio,NOMBRE DEL PRESTADOR - ESE REPS,NOMBRE DE LA SEDE - REPS,NOMBRE DE LA SEDE EN EL PTRRMR,TIPOLOGÍA LINEAMIENTO CIR. 041,Tipo_zona,Caracter,Observaciones
Bajo Magdalena,Guaduas,E.S.E. HOSPITAL SAN JOSE DE GUADUAS,E.S.E. HOSPITAL SAN JOSE DE GUADUAS,E.S.E. HOSPITAL SAN JOSE DE GUADUAS,HOSPITAL PRIMARIO II,Urbana,Departamental,
Bajo Magdalena,Guaduas,E.S.E. HOSPITAL SAN JOSE DE GUADUAS,PUESTO DE SALUD LA PAZ - (253200007409),PUESTO DE SALUD LA PAZ - (253200007409) *,PUESTO DE SALUD,Urbana,Departamental,
Bajo Magdalena,Guaduas,E.S.E. HOSPITAL SAN JOSE DE GUADUAS,PUESTO DE SALUD PUERTO BOGOTA - (253200007407),PUESTO DE SALUD PUERTO BOGOTA - (253200007407),PUESTO DE SALUD,Urbana,Departamental,
Bajo Magdalena,Caparrapí,E.S.E. HOSPITAL SAN JOSE DE GUADUAS,CENTRO DE SALUD DE CAPARRAPI - (251480007410),CENTRO DE SALUD DE CAPARRAPI - (251480007410),CENTRO DE SALUD,Urbana,Departamental,
Bajo Magdalena,Caparrapí,E.S.E. HOSPITAL SAN JOSE DE GUADUAS,PUESTO DE SALUD DE CORDOBA,*,PUESTO DE SALUD,Rural,Departamental,
Bajo Magdalena,Guaduas,E.S.E. HOSPITAL SAN JOSE DE GUADUAS,E.S.E. HOSPITAL SAN JOSE DE GUADUAS,E.S.E. HOSPITAL SAN JOSE DE GUADUAS,HOSPITAL PRIMARIO II,Urbana,Departamental,
Bajo Magdalena,Guaduas,E.S.E. HOSPITAL SAN JOSE DE GUADUAS,PUESTO DE SALUD LA PAZ - (253200007409),PUESTO DE SALUD LA PAZ - (253200007409) *,PUESTO DE SALUD,Urbana,Departamental,
Bajo Magdalena,Guaduas,E.S.E. HOSPITAL SAN JOSE DE GUADUAS,PUESTO DE SALUD PUERTO BOGOTA - (253200007407),PUESTO DE SALUD PUERTO BOGOTA - (253200007407),PUESTO DE SALUD,Urbana,Departamental,
Bajo Magdalena,Caparrapí,E.S.E. HOSPITAL SAN JOSE DE GUADUAS,CENTRO DE SALUD DE CAPARRAPI - (251480007410),CENTRO DE SALUD DE CAPARRAPI - (251480007410),CENTRO DE SALUD,Urbana,Departamental,
Bajo Magdalena,Caparrapí,E.S.E. HOSPITAL SAN JOSE DE GUADUAS,PUESTO DE SALUD DE CORDOBA,*,PUESTO DE SALUD,Rural,Departamental,
Bajo Magdalena,Chaguaní,E.S.E. HOSPITAL SAN JOSE DE GUADUAS,CENTRO DE SALUD CHAGUANI - (251680007402),CENTRO DE SALUD CHAGUANI - (251680007402),CENTRO DE SALUD,Urbana,Departamental,
Bajo Magdalena,Puerto Salgar,E.S.E. HOSPITAL DIOGENES TRONCOSO DE PUERTO SALGAR,E.S.E. HOSPITAL DIOGENES TRONCOSO DE PUERTO SALGAR,E.S.E. HOSPITAL DIOGENES TRONCOSO DE PUERTO SALGAR,HOSPITAL PRIMARIO I,Urbana,Departamental,
Bajo Magdalena,Puerto Salgar,E.S.E. HOSPITAL DIOGENES TRONCOSO DE PUERTO SALGAR,PUESTO DE SALUD COLORADOS,PUESTO DE SALUD COLORADOS,PUESTO DE SALUD,Urbana,Departamental,
Bajo Magdalena,Puerto Salgar,E.S.E. HOSPITAL DIOGENES TRONCOSO DE PUERTO SALGAR,PUESTO DE SALUD PUERTO LIBRE,PUESTO DE SALUD PUERTO LIBRE,PUESTO DE SALUD,Urbana,Departamental,
Centro,La Mesa,E.S.E. HOSPITAL PEDRO LEON ALVAREZ DIAZ,E.S.E. HOSPITAL PEDRO LEON ALVAREZ DIAZ,E.S.E. HOSPITAL PEDRO LEON ALVAREZ DIAZ,HOSPITAL COMPLEMENTARIO I (REGIONAL),Urbana,Departamental,
Centro,La Mesa,E.S.E. HOSPITAL PEDRO LEON ALVAREZ DIAZ,PUESTO DE SALUD SAN JAVIER - (253860004305),PUESTO DE SALUD SAN JAVIER,PUESTO DE SALUD,Rural,Departamental,
Centro,La Mesa,E.S.E. HOSPITAL PEDRO LEON ALVAREZ DIAZ,PUESTO DE SALUD SAN JOAQUIN - (253860004306),PUESTO DE SALUD SAN JOAQUIN,PUESTO DE SALUD,Rural,Departamental,
Centro,La Mesa,E.S.E. HOSPITAL PEDRO LEON ALVAREZ DIAZ,PUESTO DE SALUD LA ESPERANZA - (253860004308),PUESTO DE SALUD LA ESPERANZA,PUESTO DE SALUD,Rural,Departamental,
Centro,Cachipay,E.S.E. HOSPITAL PEDRO LEON ALVAREZ DIAZ,CENTRO SALUD CACHIPAY - (251230004303),CENTRO SALUD CACHIPAY - (251230004303),CENTRO DE SALUD,Urbana,Departamental,
Centro,Cachipay,E.S.E. HOSPITAL PEDRO LEON ALVAREZ DIAZ,PUESTO DE SALUD PEÑA NEGRA - (251230004313),PUESTO DE SALUD PEÑA NEGRA - (251230004313),PUESTO DE SALUD,Rural,Departamental,
Centro,Anapoima,E.S.E. HOSPITAL PEDRO LEON ALVAREZ DIAZ,CENTRO DE SALUD DE ANAPOIMA - (250350004302),CENTRO DE SALUD DE ANAPOIMA - (250350004302),HOSPITAL PRIMARIO I,Urbana,Departamental,
Centro,Anapoima,E.S.E. HOSPITAL PEDRO LEON ALVAREZ DIAZ,PUESTO DE SALUD SAN ANTONIO (250350004309),PUESTO DE SALUD SAN ANTONIO (250350004309),PUESTO DE SALUD,Rural,Departamental,
Centro,Anapoima,E.S.E. HOSPITAL PEDRO LEON ALVAREZ DIAZ,PUESTO DE SALUD LA PAZ - (250350004312),PUESTO DE SALUD LA PAZ - (250350004312),PUESTO DE SALUD,Rural,Departamental,
Centro,Tena,E.S.E. HOSPITAL PEDRO LEON ALVAREZ DIAZ,PUESTO DE SALUD TENA,PUESTO DE SALUD TENA,PUESTO DE SALUD,Urbana,Departamental,
Centro,Tena,E.S.E. HOSPITAL PEDRO LEON ALVAREZ DIAZ,PUESTO DE SALUD LA GRAN VIA - (257970004310),PUESTO DE SALUD LA GRAN VIA,PUESTO DE SALUD,Urbana,Departamental,
Centro,El Colegio,ESE HOSPITAL NUESTRA SEÑORA DEL CARMEN DE EL COLEGIO,ESE HOSPITAL NUESTRA SEÑORA DEL CARMEN DE EL COLEGIO,ESE HOSPITAL NUESTRA SEÑORA DEL CARMEN DE EL COLEGIO,HOSPITAL PRIMARIO II,Urbana,Departamental,
Centro,El Colegio,ESE HOSPITAL NUESTRA SEÑORA DEL CARMEN DE EL COLEGIO,PUESTO DE SALUD LA VICTORIA,PUESTO DE SALUD LA VICTORIA,PUESTO DE SALUD,Urbana,Departamental,
Centro,El Colegio,ESE HOSPITAL NUESTRA SEÑORA DEL CARMEN DE EL COLEGIO,PUESTO DE SALUD PRADILLA,PUESTO DE SALUD PRADILLA,PUESTO DE SALUD,Urbana,Departamental,
Centro,El Colegio,ESE HOSPITAL NUESTRA SEÑORA DEL CARMEN DE EL COLEGIO,PUESTO DE SALUD EL TRIUNFO,PUESTO DE SALUD EL TRIUNFO,PUESTO DE SALUD,Urbana,Departamental,
Centro,Anolaima,E.S.E. HOSPITAL SAN ANTONIO DE ANOLAIMA,E.S.E. HOSPITAL SAN ANTONIO DE ANOLAIMA,E.S.E. HOSPITAL SAN ANTONIO DE ANOLAIMA,HOSPITAL PRIMARIO I,Urbana,Departamental,
Centro,Anolaima,E.S.E. HOSPITAL SAN ANTONIO DE ANOLAIMA,PUESTO DE SALUD LA FLORIDA,PUESTO DE SALUD LA FLORIDA,PUESTO DE SALUD,Urbana,Departamental,
Centro,Anolaima,E.S.E. HOSPITAL SAN ANTONIO DE ANOLAIMA,PUESTO DE SALUD REVENTONES,*,PUESTO DE SALUD,Urbana,Departamental,
Centro,Quipile,E.S.E. HOSPITAL SAN ANTONIO DE ANOLAIMA,CENTRO DE SALUD QUIPILE,CENTRO DE SALUD QUIPILE,CENTRO DE SALUD,Urbana,Departamental,
Centro,Quipile,E.S.E. HOSPITAL SAN ANTONIO DE ANOLAIMA,PUESTO DE SALUD LA SIERRA,PUESTO DE SALUD LA SIERRA,PUESTO DE SALUD,Rural,Departamental,
Centro,Quipile,E.S.E. HOSPITAL SAN ANTONIO DE ANOLAIMA,PUESTO DE SALUD SANTA MARTHA,PUESTO DE SALUD SANTA MARTHA,PUESTO DE SALUD,Rural,Departamental,
Centro,Quipile,E.S.E. HOSPITAL SAN ANTONIO DE ANOLAIMA,,,,,,
Centro,Anapoima,E.S.E. HOSPITAL PEDRO LEON ALVAREZ DIAZ,PUESTO DE SALUD LA PAZ - (250350004312),PUESTO DE SALUD LA PAZ - (250350004312),PUESTO DE SALUD,Rural,Departamental,
Centro,Tena,E.S.E. HOSPITAL PEDRO LEON ALVAREZ DIAZ,PUESTO DE SALUD TENA,PUESTO DE SALUD TENA,PUESTO DE SALUD,Urbana,Departamental,
Centro,Tena,E.S.E. HOSPITAL PEDRO LEON ALVAREZ DIAZ,PUESTO DE SALUD LA GRAN VIA - (257970004310),PUESTO DE SALUD LA GRAN VIA,PUESTO DE SALUD,Urbana,Departamental,
Centro,El Colegio,ESE HOSPITAL NUESTRA SEÑORA DEL CARMEN DE EL COLEGIO,ESE HOSPITAL NUESTRA SEÑORA DEL CARMEN DE EL COLEGIO,ESE HOSPITAL NUESTRA SEÑORA DEL CARMEN DE EL COLEGIO,HOSPITAL PRIMARIO II,Urbana,Departamental,
Centro,El Colegio,ESE HOSPITAL NUESTRA SEÑORA DEL CARMEN DE EL COLEGIO,PUESTO DE SALUD LA VICTORIA,PUESTO DE SALUD LA VICTORIA,PUESTO DE SALUD,Urbana,Departamental,
Centro,El Colegio,ESE HOSPITAL NUESTRA SEÑORA DEL CARMEN DE EL COLEGIO,PUESTO DE SALUD PRADILLA,PUESTO DE SALUD PRADILLA,PUESTO DE SALUD,Urbana,Departamental,
Centro,El Colegio,ESE HOSPITAL NUESTRA SEÑORA DEL CARMEN DE EL COLEGIO,PUESTO DE SALUD EL TRIUNFO,PUESTO DE SALUD EL TRIUNFO,PUESTO DE SALUD,Urbana,Departamental,
Centro,Anolaima,E.S.E. HOSPITAL SAN ANTONIO DE ANOLAIMA,E.S.E. HOSPITAL SAN ANTONIO DE ANOLAIMA,E.S.E. HOSPITAL SAN ANTONIO DE ANOLAIMA,HOSPITAL PRIMARIO I,Urbana,Departamental,
Centro,Anolaima,E.S.E. HOSPITAL SAN ANTONIO DE ANOLAIMA,PUESTO DE SALUD LA FLORIDA,PUESTO DE SALUD LA FLORIDA,PUESTO DE SALUD,Urbana,Departamental,
Centro,Anolaima,E.S.E. HOSPITAL SAN ANTONIO DE ANOLAIMA,PUESTO DE SALUD REVENTONES,*,PUESTO DE SALUD,Urbana,Departamental,
Centro,Quipile,E.S.E. HOSPITAL SAN ANTONIO DE ANOLAIMA,CENTRO DE SALUD QUIPILE,CENTRO DE SALUD QUIPILE,CENTRO DE SALUD,Urbana,Departamental,
Centro,Quipile,E.S.E. HOSPITAL SAN ANTONIO DE ANOLAIMA,PUESTO DE SALUD LA SIERRA,PUESTO DE SALUD LA SIERRA,PUESTO DE SALUD,Rural,Departamental,
Centro,Quipile,E.S.E. HOSPITAL SAN ANTONIO DE ANOLAIMA,PUESTO DE SALUD SANTA MARTHA,PUESTO DE SALUD SANTA MARTHA,PUESTO DE SALUD,Rural,Departamental,
Centro,Quipile,E.S.E. HOSPITAL SAN ANTONIO DE ANOLAIMA,PUESTO DE SALUD LA VIRGEN,PUESTO DE SALUD LA VIRGEN,PUESTO DE SALUD,Rural,Departamental,
Centro,Quipile,E.S.E. HOSPITAL SAN ANTONIO DE ANOLAIMA,PUESTO DE SALUD LA BOTICA,PUESTO DE SALUD LA BOTICA,PUESTO DE SALUD,Rural,Departamental,
Centro,San Antonio Del Tequendama,E.S.E. HOSPITAL SAN ANTONIO DEL TEQUENDAMA,E.S.E. HOSPITAL SAN ANTONIO DEL TEQUENDAMA,E.S.E. HOSPITAL SAN ANTONIO DEL TEQUENDAMA,HOSPITAL PRIMARIO I,Urbana,Municipal,
Centro,San Antonio Del Tequendama,E.S.E. HOSPITAL SAN ANTONIO DEL TEQUENDAMA,PUESTO DE SALUD DE SANTANDERCITO,PUESTO DE SALUD DE SANTANDERCITO,PUESTO DE SALUD,Rural,Municipal,
Centro Oriente Almeidas,Chocontá,E.S.E. REGION DE SALUD CENTRO ORIENTE ALMEIDAS,HOSPITAL SAN MARTIN DE PORRES DE CHOCONTA- E.S.E. REGION DE SALUD CENTRO ORIENTE ALMEIDAS,HOSPITAL SAN MARTIN DE PORRES DE CHOCONTA- E.S.E. REGION DE SALUD CENTRO ORIENTE ALMEIDAS,HOSPITAL PRIMARIO II,Urbana,Departamental,
Centro Oriente Almeidas,Chocontá,E.S.E. REGION DE SALUD CENTRO ORIENTE ALMEIDAS,SEDE-E.S.E. CENTRO ORIENTE ALMEIDAS,*,CENTRO DE SALUD,Urbana,Departamental,
Centro Oriente Almeidas,Villapinzón,E.S.E. REGION DE SALUD CENTRO ORIENTE ALMEIDAS,PUESTO DE SALUD DE VILLAPINZON-E.S.E. REGION DE SALUD CENTRO ORIENTE ALMEIDAS,PUESTO DE SALUD DE VILLAPINZON-E.S.E. REGION DE SALUD CENTRO ORIENTE ALMEIDAS,CENTRO DE SALUD,Urbana,Departamental,
Centro Oriente Almeidas,Tibirita,E.S.E. REGION DE SALUD CENTRO ORIENTE ALMEIDAS,PUESTO DE SALUD DE TIBIRITA-E.S.E. REGION DE SALUD CENTRO ORIENTE ALMEIDAS,PUESTO DE SALUD DE TIBIRITA-E.S.E. REGION DE SALUD CENTRO ORIENTE ALMEIDAS,PUESTO DE SALUD,Urbana,Departamental,
Centro Oriente Almeidas,Macheta,E.S.E. REGION DE SALUD CENTRO ORIENTE ALMEIDAS,PUESTO DE SALUD DE MACHETA-E.S.E. REGION DE SALUD CENTRO ORIENTE ALMEIDAS,PUESTO DE SALUD DE MACHETA-E.S.E. REGION DE SALUD CENTRO ORIENTE ALMEIDAS,PUESTO DE SALUD,Urbana,Departamental,
Centro Oriente Almeidas,Manta,E.S.E. REGION DE SALUD CENTRO ORIENTE ALMEIDAS,PUESTO DE SALUD DE MANTA-E.S.E. REGION DE SALUD CENTRO ORIENTE ALMEIDAS,PUESTO DE SALUD DE MANTA-E.S.E. REGION DE SALUD CENTRO ORIENTE ALMEIDAS,PUESTO DE SALUD,Urbana,Departamental,
Centro Oriente Almeidas,Suesca,E.S.E. HOSPITAL NUESTRA SEÑORA DEL ROSARIO SUESCA,E.S.E. HOSPITAL NUESTRA SENORA DEL ROSARIO SUESCA - (257720037801),E.S.E. HOSPITAL NUESTRA SENORA DEL ROSARIO SUESCA,HOSPITAL PRIMARIO I,Urbana,Municipal,
Centro Oriente Guavio,Sopó,E.S.E. HOSPITAL DIVINO SALVADOR DE SOPO,E.S.E. HOSPITAL DIVINO SALVADOR DE SOPO,E.S.E. HOSPITAL DIVINO SALVADOR DE SOPO,HOSPITAL COMPLEMENTARIO I (REGIONAL),Urbana,Departamental,
Centro Oriente Guavio,Sopó,E.S.E. HOSPITAL DIVINO SALVADOR DE SOPO,SEDE UNIDAD DE ATENCIÓN DE SALUD MENTAL,*,UNIDAD DE SALUD MENTAL,Urbana,Departamental,
Centro Oriente Guavio,La Calera,E.S.E. HOSPITAL DIVINO SALVADOR DE SOPO,CENTRO DE SALUD DE LA CALERA - (253770005102),CENTRO DE SALUD DE LA CALERA,HOSPITAL PRIMARIO I,Urbana,Departamental,
Centro Oriente Guavio,La Calera,E.S.E. HOSPITAL DIVINO SALVADOR DE SOPO,PUESTO DE SALUD EL MANZANO,*,PUESTO DE SALUD,Urbana,Departamental,
Centro Oriente Guavio,Tocancipá,CARE & HEALTH S.A.S,HOSPITAL NUESTRA SEÑORA DEL TRANSITO DEL MUNICIPIO DE TOCANCIPÁ,HOSPITAL NUESTRA SEÑORA DEL TRANSITO DE TOCANCIPÁ,HOSPITAL PRIMARIO II,Urbana,Operador privado,INFRAESTRUCTURA PÚBLICA OPERADA POR PRIVADO
Centro Oriente Guavio,Gachetá,E.S.E. HOSPITAL SAN FRANCISCO DE GACHETA,E.S.E. HOSPITAL SAN FRANCISCO DE GACHETA,E.S.E. HOSPITAL SAN FRANCISCO DE GACHETA,HOSPITAL PRIMARIO II,Urbana,Departamental,
Centro Oriente Guavio,Gachala,E.S.E. HOSPITAL SAN FRANCISCO DE GACHETA,CENTRO DE SALUD GACHALA,CENTRO DE SALUD GACHALA,CENTRO DE SALUD,Urbana,Departamental,
Centro Oriente Guavio,Gama,E.S.E. HOSPITAL SAN FRANCISCO DE GACHETA,CENTRO DE SALUD GAMA,CENTRO DE SALUD GAMA,CENTRO DE SALUD,Urbana,Departamental,
Centro Oriente Guavio,Ubalá,E.S.E. HOSPITAL SAN FRANCISCO DE GACHETA,CENTRO DE SALUD UBALA,CENTRO DE SALUD UBALA,CENTRO DE SALUD,Urbana,Departamental,
Centro Oriente Guavio,Ubalá,E.S.E. HOSPITAL SAN FRANCISCO DE GACHETA,PUESTO DE SALUD MAMBITA - (258390003505),PUESTO DE SALUD MAMBITA,PUESTO DE SALUD,Urbana,Departamental,
Centro Oriente Guavio,Guatavita,E.S.E. HOSPITAL SAN ANTONIO DE GUATAVITA,E.S.E HOSPITAL SAN ANTONIO DE GUATAVITA,E.S.E HOSPITAL SAN ANTONIO DE GUATAVITA,HOSPITAL PRIMARIO I,Urbana,Departamental,
Centro Oriente Guavio,Guasca,E.S.E. HOSPITAL SAN ANTONIO DE GUATAVITA,CENTRO DE SALUD DE GUASCA,CENTRO DE SALUD DE GUASCA,CENTRO DE SALUD,Urbana,Departamental,
Centro Oriente Guavio,Junín,E.S.E POLICLINICO DE JUNIN,E.S.E. POLICLINICO DE JUNIN - (253720031401),E.S.E. POLICLINICO DE JUNIN,HOSPITAL PRIMARIO I,Urbana,Municipal,
Medina,Medina,E.S.E. REGION DE SALUD MEDINA,HOSPITAL NUESTRA SEÑORA DEL PILAR- E.S.E. REGION DE SALUD MEDINA,HOSPITAL NUESTRA SEÑORA DEL PILAR- E.S.E. REGION DE SALUD MEDINA,HOSPITAL PRIMARIO II,Urbana,Departamental,
Medina,Paratebueno,E.S.E. REGION DE SALUD MEDINA,CENTRO DE SALUD PARATEBUENO - E.S.E. REGION DE SALUD MEDINA,CENTRO DE SALUD PARATEBUENO - E.S.E. REGION DE SALUD MEDINA,HOSPITAL PRIMARIO I,Urbana,Departamental,
Medina,Paratebueno,E.S.E. REGION DE SALUD MEDINA,PUESTO DE SALUD MILAGROS DE MAYA- E.S.E. REGION DE SALUD MEDINA (255300004504),PUESTO DE SALUD MILAGROS DE MAYA- E.S.E. REGION DE SALUD MEDINA,PUESTO DE SALUD,Urbana,Departamental,
Medina,Ubalá,E.S.E. REGION DE SALUD MEDINA,PUESTO DE SALUD SAN PEDRO DE JAGUA- E.S.E. REGION DE SALUD MEDINA,PUESTO DE SALUD SAN PEDRO DE JAGUA- E.S.E. REGION DE SALUD MEDINA,PUESTO DE SALUD,Urbana,Departamental,
Noroccidente,Villeta,E.S.E. HOSPITAL SALAZAR VILLETA,E.S.E. HOSPITAL SALAZAR DE VILLETA,E.S.E. HOSPITAL SALAZAR DE VILLETA,HOSPITAL COMPLEMENTARIO I (REGIONAL),Urbana,Departamental,
Noroccidente,Villeta,E.S.E. HOSPITAL SALAZAR VILLETA,PUESTO DE SALUD BAGAZAL - (258750003202),PUESTO DE SALUD BAGAZAL,PUESTO DE SALUD,Rural,Departamental,
Noroccidente,Quebradanegra,E.S.E. HOSPITAL SALAZAR VILLETA,PUESTO DE SALUD QUEBRADANEGRA - (255920003204),PUESTO DE SALUD QUEBRADANEGRA,PUESTO DE SALUD,Urbana,Departamental,
Noroccidente,Quebradanegra,E.S.E. HOSPITAL SALAZAR VILLETA,PUESTO DE SALUD LA MAGDALENA - (255920003205),PUESTO DE SALUD LA MAGDALENA,PUESTO DE SALUD,Rural,Departamental,
Noroccidente,Quebradanegra,E.S.E. HOSPITAL SALAZAR VILLETA,PUESTO DE SALUD TOBIA,PUESTO DE SALUD TOBIA,PUESTO DE SALUD,Rural,Departamental,
Noroccidente,Útica,E.S.E. HOSPITAL SALAZAR VILLETA,CENTRO DE SALUD UTICA - (258510003207),CENTRO DE SALUD UTICA,CENTRO DE SALUD,Urbana,Departamental,
Noroccidente,La Peña,E.S.E. HOSPITAL SALAZAR VILLETA,CENTRO DE SALUD LA PEÑA - (253980003203),CENTRO DE SALUD LA PEÑA,CENTRO DE SALUD,Rural,Departamental,
Noroccidente,La Vega,E.S.E. HOSPITAL DE LA VEGA,E.S.E. HOSPITAL DE LA VEGA,E.S.E. HOSPITAL DE LA VEGA,HOSPITAL PRIMARIO II,Urbana,Departamental,
Noroccidente,Nocaima,E.S.E. HOSPITAL DE LA VEGA,PUESTO DE SALUD DE NOCAIMA,PUESTO DE SALUD DE NOCAIMA,PUESTO DE SALUD,Urbana,Departamental,
Noroccidente,Sasaima,E.S.E. HOSPITAL HILARIO LUGO DE SASAIMA,E.S.E. HOSPITAL HILARIO LUGO DE SASAIMA,E.S.E. HOSPITAL HILARIO LUGO DE SASAIMA,HOSPITAL PRIMARIO I,Urbana,Departamental,
Noroccidente,Vergara,E.S.E. HOSPITAL SANTA BARBARA DE VERGARA,E.S.E. HOSPITAL SANTA BARBARA DE VERGARA - (258620005401),E.S.E. HOSPITAL SANTA BARBARA DE VERGARA,HOSPITAL PRIMARIO I,Rural,Departamental,
Noroccidente,Nimaima,E.S.E. CENTRO DE SALUD SAN JOSE DE NIMAIMA,E.S.E. CENTRO DE SALUD SAN JOSE DE NIMAIMA - (254890027601),E.S.E. CENTRO DE SALUD SAN JOSE DE NIMAIMA,CENTRO DE SALUD,Urbana,Municipal,
Noroccidente,San Francisco,E.S.E. CENTRO DE SALUD SAN FRANCISCO DE SALES,E.S.E. CENTRO DE SALUD SAN FRANCISCO DE SALES,E.S.E. CENTRO DE SALUD SAN FRANCISCO DE SALES,HOSPITAL PRIMARIO I,Urbana,Municipal,
Nororiente,Villa De San Diego De Ubate,E.S.E. HOSPITAL EL SALVADOR DE UBATE,E.S.E. HOSPITAL EL SALVADOR DE UBATE,E.S.E. HOSPITAL EL SALVADOR DE UBATE,HOSPITAL COMPLEMENTARIO I (REGIONAL),Urbana,Departamental,
Nororiente,Simijaca,E.S.E. HOSPITAL EL SALVADOR DE UBATE,CENTRO DE SALUD DE SIMIJACA,CENTRO DE SALUD DE SIMIJACA,CENTRO DE SALUD,Urbana,Departamental,
Nororiente,Fúquene,E.S.E. HOSPITAL EL SALVADOR DE UBATE,CENTRO DE SALUD DE FUQUENE,CENTRO DE SALUD DE FUQUENE,CENTRO DE SALUD,Urbana,Departamental,
Nororiente,Fúquene,E.S.E. HOSPITAL EL SALVADOR DE UBATE,CENTRO DE SALUD CAPELLANIA,CENTRO DE SALUD CAPELLANIA,CENTRO DE SALUD,Urbana,Departamental,
Nororiente,Lenguazaque,E.S.E. HOSPITAL EL SALVADOR DE UBATE,CENTRO DE SALUD DE LENGUAZAQUE,CENTRO DE SALUD DE LENGUAZAQUE,CENTRO DE SALUD,Urbana,Departamental,
Nororiente,Susa,E.S.E. HOSPITAL EL SALVADOR DE UBATE,CENTRO DE SALUD DE SUSA,CENTRO DE SALUD DE SUSA,CENTRO DE SALUD,Urbana,Departamental,
Nororiente,Sutatausa,E.S.E. HOSPITAL EL SALVADOR DE UBATE,CENTRO DE SALUD DE SUTATUSA,CENTRO DE SALUD DE SUTATUSA,CENTRO DE SALUD,Urbana,Departamental,
Nororiente,Guachetá,ESE HOSPITAL SAN JOSE DE GUACHETA,ESE HOSPITAL SAN JOSE DE GUACHETA,ESE HOSPITAL SAN JOSE DE GUACHETA,HOSPITAL PRIMARIO I,Urbana,Departamental,
Nororiente,Carmen De Carupa,ESE HOSPITAL HABACUC CALDERON DE CARMEN DE CARUPA,ESE HOSPITAL HABACUC CALDERON DE CARMEN DE CARUPA,ESE HOSPITAL HABACUC CALDERON DE CARMEN DE CARUPA,HOSPITAL PRIMARIO I,Urbana,Departamental,
Nororiente,Cucunubá,E.S.E. CENTRO DE SALUD CUCUNUBA,E.S.E. CENTRO DE SALUD CUCUNUBA - (252240027701),E.S.E. CENTRO DE SALUD CUCUNUBA - (252240027701),CENTRO DE SALUD,Urbana,Municipal,
Nororiente,Tausa,E.S.E. E.S.E. CENTRO DE SALUD DE TAUSA,E.S.E. E.S.E. CENTRO DE SALUD DE TAUSA,E.S.E. E.S.E. CENTRO DE SALUD DE TAUSA,HOSPITAL PRIMARIO I,Urbana,Municipal,
Norte,Pacho,E.S.E. HOSPITAL SAN RAFAEL DE PACHO,E.S.E. HOSPITAL SAN RAFAEL DE PACHO - (255130002801),E.S.E. HOSPITAL SAN RAFAEL DE PACHO,HOSPITAL COMPLEMENTARIO I (REGIONAL),Urbana,Departamental,
Norte,Pacho,E.S.E. HOSPITAL SAN RAFAEL DE PACHO,Puesto de salud Pasuncha,PUESTO DE SALUD DE PASUNCHA,PUESTO DE SALUD,Urbana,Departamental,
Norte,Paime,E.S.E. HOSPITAL SAN RAFAEL DE PACHO,PUESTO DE SALUD DE PAIME - (255180002803),PUESTO DE SALUD DE PAIME,PUESTO DE SALUD,Urbana,Departamental,
Norte,Paime,E.S.E. HOSPITAL SAN RAFAEL DE PACHO,Puesto de salud Tudela,Puesto de salud Tudela,PUESTO DE SALUD,Urbana,Departamental,
Norte,Supatá,E.S.E. HOSPITAL SAN RAFAEL DE PACHO,PUESTO DE SALUD DE SUPATA- (257770002806),PUESTO DE SALUD DE SUPATA,PUESTO DE SALUD,Urbana,Departamental,
Norte,Topaipí,E.S.E. HOSPITAL SAN RAFAEL DE PACHO,PUESTO DE SALUD DE TOPAIPI - (258230002807),PUESTO DE SALUD DE TOPAIPI,PUESTO DE SALUD,Urbana,Departamental,
Norte,Villagómez,E.S.E. HOSPITAL SAN RAFAEL DE PACHO,PUESTO DE SALUD DE VILLAGOMEZ - (258710002809),PUESTO DE SALUD DE VILLAGOMEZ,PUESTO DE SALUD,Urbana,Departamental,
Norte,La Palma,E.S.E. HOSPITAL SAN JOSE,E.S.E HOSPITAL SAN JOSE DE LA PALMA - (253940003401),E.S.E HOSPITAL SAN JOSE DE LA PALMA,HOSPITAL PRIMARIO II,Urbana,Departamental,
Norte,Yacopí,E.S.E. HOSPITAL SAN JOSE,CENTRO DE SALUD SAN ANTONIO - (258850003409),CENTRO DE SALUD SAN ANTONIO,HOSPITAL PRIMARIO I,Urbana,Departamental,
Norte,Yacopí,E.S.E. HOSPITAL SAN JOSE,PUESTO DE SALUD DE IBAMA - (258850003419),PUESTO DE SALUD DE IBAMA - (258850003419),PUESTO DE SALUD,Urbana,Departamental,
Norte,Yacopí,E.S.E. HOSPITAL SAN JOSE,PUESTO DE SALUD DE PATE VACA - (258850003410),PUESTO DE SALUD DE PATE VACA - (258850003410),PUESTO DE SALUD,Urbana,Departamental,
Norte,Yacopí,E.S.E. HOSPITAL SAN JOSE,PUESTO DE SALUD GUADUALITO,PUESTO DE SALUD GUADUALITO,PUESTO DE SALUD,Urbana,Departamental,
Norte,Yacopí,E.S.E. HOSPITAL SAN JOSE,PUESTO DE SALUD DE LLANO MATEO - (258850003412),PUESTO DE SALUD DE LLANO MATEO - (258850003412),PUESTO DE SALUD,Urbana,Departamental,
Norte,El Peñón,E.S.E. CAYETANO MARIA DE ROJAS,E.S.E. CAYETANO MARIA DE ROJAS - (252580186001),E.S.E. CAYETANO MARIA DE ROJAS - (252580186001),HOSPITAL PRIMARIO I,Urbana,Municipal,
Norte,El Peñón,E.S.E. CAYETANO MARIA DE ROJAS,SEDE ESE CAYETANO MARIA DE ROJAS,*,CENTRO DE SALUD,Urbana,Municipal,
Norte,El Peñón,E.S.E. CAYETANO MARIA DE ROJAS,PUESTO DE SALUD TALAUTA,*,PUESTO DE SALUD,Urbana,Municipal,
Norte,El Peñón,E.S.E. CAYETANO MARIA DE ROJAS,PUESTO DE SALUD GUAYABAL,*,PUESTO DE SALUD,Urbana,Municipal,
Sabana Centro,Chía,E.S.E. HOSPITAL SAN ANTONIO CHIA,E.S.E. HOSPITAL SAN ANTONIO DE CHIA - (251750002001),E.S.E. HOSPITAL SAN ANTONIO DE CHIA - (251750002001),HOSPITAL PRIMARIO II,Urbana,Departamental,
Sabana Centro,Nemocón,ESE HOSPITAL SAN VICENTE DE PAUL DE NEMOCON,ESE HOSPITAL SAN VICENTE DE PAUL DE NEMOCON,ESE HOSPITAL SAN VICENTE DE PAUL DE NEMOCON,HOSPITAL PRIMARIO I,Urbana,Departamental,
Sabana Centro,Nemocón,ESE HOSPITAL SAN VICENTE DE PAUL DE NEMOCON,PUESTO DE SALUD PATIO BONITO,*,PUESTO DE SALUD,Urbana,Departamental,
Sabana Centro,Tabio,ESE HOSPITAL NUESTRA SEÑORA DEL CARMEN DE TABIO,ESE HOSPITAL NUESTRA SEÑORA DEL CARMEN DE TABIO - (257850006001),ESE HOSPITAL NUESTRA SEÑORA DEL CARMEN DE TABIO,HOSPITAL PRIMARIO I,Urbana,Departamental,
Sabana Centro,Tenjo,E.S.E. HOSPITAL SANTA ROSA DE TENJO,E.S.E. HOSPITAL SANTA ROSA DE TENJO,E.S.E. HOSPITAL SANTA ROSA DE TENJO,HOSPITAL PRIMARIO I,Urbana,Departamental,
Sabana Centro,Sesquilé,ESE HOSPITAL SAN ANTONIO,E.S.E. HOSPITAL SAN ANTONIO,E.S.E. HOSPITAL SAN ANTONIO,HOSPITAL PRIMARIO I,Urbana,Departamental,
Sabana Centro,Gachancipá,ESE HOSPITAL SAN ANTONIO,PUESTO DE SALUD DE GACHANCIPA,PUESTO DE SALUD DE GACHANCIPA,CENTRO DE SALUD,Urbana,Departamental,
Sabana Centro,Sesquilé,ESE HOSPITAL SAN ANTONIO,E.S.E. HOSPITAL SAN ANTONIO,E.S.E. HOSPITAL SAN ANTONIO,HOSPITAL PRIMARIO I,Urbana,Departamental,
Sabana Centro,Gachancipá,ESE HOSPITAL SAN ANTONIO,PUESTO DE SALUD DE GACHANCIPA,PUESTO DE SALUD DE GACHANCIPA,CENTRO DE SALUD,Urbana,Departamental,
Sabana Centro,Zipaquirá,ESE HOSPITAL UNIVERSITARIO DE LA SAMARITANA,HOSPITAL REGIONAL DE ZIPAQUIRÁ,HOSPITAL REGIONAL ZIPAQUIRÁ,HOSPITAL COMPLEMENTARIO I (REGIONAL),Urbana,Departamental,
Sabana Centro,Zipaquirá,ESE HOSPITAL UNIVERSITARIO DE LA SAMARITANA,ESE HOSPITAL UNIVERSITARIO DE LA SAMARITANA UNIDAD FUNCIONAL ZIPAQUIRA,ESE HOSPITAL UNIVERSITARIO DE LA SAMARITANA UNIDAD FUNCIONAL ZIPAQUIRA,HOSPITAL PRIMARIO I,Urbana,Departamental,
Sabana Centro,Zipaquirá,ESE HOSPITAL UNIVERSITARIO DE LA SAMARITANA,SEDE UNIDAD FUNCIONAL DE ZIPAQUIRA,*,CENTRO DE SALUD,Urbana,Departamental,
Sabana Centro,Cogua,ESE HOSPITAL UNIVERSITARIO DE LA SAMARITANA,ESE HOSPITAL UNIVERSITARIO DE LA SAMARITANA - CENTRO DE SALUD COGUA,ESE HOSPITAL UNIVERSITARIO DE LA SAMARITANA - CENTRO DE SALUD COGUA,CENTRO DE SALUD,Urbana,Departamental,
Sabana Centro,San Cayetano,ESE HOSPITAL UNIVERSITARIO DE LA SAMARITANA,ESE HOSPITAL UNIVERSITARIO DE LA SAMARITANA - PUESTO DE SALUD SAN CAYETANO,ESE HOSPITAL UNIVERSITARIO DE LA SAMARITANA - PUESTO DE SALUD SAN CAYETANO,PUESTO DE SALUD,Urbana,Departamental,
Sabana Centro,Cota,ESE HOSPITAL UNIVERSITARIO DE LA SAMARITANA,CENTRO DE SALUD DE COTA MARTHA LILIANA GONZÁLEZ GIL - (252140002002),ESE HOSPITAL UNIVERSITARIO DE LA SAMARITANA - CENTRO DE SALUD DE COTA MARTHA LILIANA GONZÁLEZ GIL (252140002002) ***,CENTRO DE SALUD,Urbana,Departamental,"Mediante Decreto 130 del 14 abril de 2026, la ESE Hospital Universitario de la Samaritana asumirá la prestación de los servicios del Centro de Salud de Cota Martha Liliana González Gil."
Sabana Centro,Cajicá,ESE HOSPITAL PROFESOR JORGE CAVELIER -I- NIVEL DE ATENCION CAJICA,ESE HOSPITAL PROFESOR JORGE CAVELIER -I- NIVEL DE ATENCION CAJICA,ESE HOSPITAL PROFESOR JORGE CAVELIER -I- NIVEL DE ATENCION CAJICA,HOSPITAL PRIMARIO II,Urbana,Municipal,
Sabana Centro Occidente,Facatativá,E.S.E HOSPITAL SAN RAFAEL DE FACATATIVÁ,E.S.E. HOSPITAL SAN RAFAEL DE FACATATIVA,E.S.E. HOSPITAL SAN RAFAEL DE FACATATIVA,HOSPITAL COMPLEMENTARIO I (REGIONAL),Urbana,Departamental,
Sabana Centro Occidente,Facatativá,E.S.E HOSPITAL SAN RAFAEL DE FACATATIVÁ,SEDE UNIDAD DE SALUD MENTAL,*,UNIDAD DE SALUD MENTAL,Urbana,Departamental,
Sabana Centro Occidente,Facatativá,E.S.E HOSPITAL SAN RAFAEL DE FACATATIVÁ,CENTRO DE SALUD COPIHUE,CENTRO DE SALUD COPIHUE,CENTRO DE SALUD,Urbana,Departamental,
Sabana Centro Occidente,Facatativá,E.S.E HOSPITAL SAN RAFAEL DE FACATATIVÁ,CENTRO DE SALUD DE CARTAGENITA-MANABLANCA,CENTRO DE SALUD DE CARTAGENITA-MANABLANCA,CENTRO DE SALUD,Urbana,Departamental,
Sabana Centro Occidente,Albán,E.S.E HOSPITAL SAN RAFAEL DE FACATATIVÁ,PUESTO DE SALUD DE ALBAN,PUESTO DE SALUD DE ALBAN,PUESTO DE SALUD,Urbana,Departamental,
Sabana Centro Occidente,Guayabal De Siquima,E.S.E HOSPITAL SAN RAFAEL DE FACATATIVÁ,PUESTO DE SALUD DE GUAYABAL DE SÍQUIMA,PUESTO DE SALUD DE GUAYABAL DE SÍQUIMA,CENTRO DE SALUD,Urbana,Departamental,
Sabana Centro Occidente,Subachoque,E.S.E HOSPITAL SAN RAFAEL DE FACATATIVÁ,PUESTO DE SALUD LA PRADERA,PUESTO DE SALUD LA PRADERA,PUESTO DE SALUD,Rural,Departamental,
Sabana Centro Occidente,Subachoque,E.S.E HOSPITAL SAN RAFAEL DE FACATATIVÁ,CENTRO DE SALUD SUBACHOQUE,CENTRO DE SALUD SUBACHOQUE,CENTRO DE SALUD,Urbana,Departamental,
Sabana Centro Occidente,San Juan De Río Seco,E.S.E. HOSPITAL SAN VICENTE DE PAUL,E.S.E. HOSPITAL SAN VICENTE DE PAUL,E.S.E. HOSPITAL SAN VICENTE DE PAUL,HOSPITAL PRIMARIO I,Urbana,Departamental,
Sabana Centro Occidente,San Juan De Río Seco,E.S.E. HOSPITAL SAN VICENTE DE PAUL,PUESTO DE SALUD CAMBAO - (256620006106),PUESTO DE SALUD CAMBAO,PUESTO DE SALUD,Urbana,Departamental,
Sabana Centro Occidente,San Juan De Río Seco,E.S.E. HOSPITAL SAN VICENTE DE PAUL,PUESTO DE SALUD SAN NICOLAS - (256620006108),PUESTO DE SALUD SAN NICOLAS,PUESTO DE SALUD,Urbana,Departamental,
Sabana Centro Occidente,Bituima,E.S.E. HOSPITAL SAN VICENTE DE PAUL,PUESTO DE SALUD BITUIMA - (250950006107),PUESTO DE SALUD BITUIMA - (250950006107),PUESTO DE SALUD,Urbana,Departamental,
Sabana Centro Occidente,Beltrán,E.S.E. HOSPITAL SAN VICENTE DE PAUL,PUESTO DE SALUD BELTRAN - (250860006103),PUESTO DE SALUD BELTRAN - (250860006103),PUESTO DE SALUD,Urbana,Departamental,
Sabana Centro Occidente,Beltrán,E.S.E. HOSPITAL SAN VICENTE DE PAUL,PUESTO DE SALUD PAQUILO,PUESTO DE SALUD PAQUILO,PUESTO DE SALUD,Urbana,Departamental,
Sabana Centro Occidente,Pulí,E.S.E. HOSPITAL SAN VICENTE DE PAUL,PUESTO DE SALUD PALESTINA,PUESTO DE SALUD PALESTINA,PUESTO DE SALUD,Urbana,Departamental,
Sabana Centro Occidente,Pulí,E.S.E. HOSPITAL SAN VICENTE DE PAUL,PUESTO DE SALUD PULI - (255800006105),PUESTO DE SALUD PULI,PUESTO DE SALUD,Urbana,Departamental,
Sabana Centro Occidente,Pulí,E.S.E. HOSPITAL SAN VICENTE DE PAUL,PUESTO DE SALUD VALPARAISO,PUESTO DE SALUD VALPARAISO,PUESTO DE SALUD,Urbana,Departamental,
Sabana Centro Occidente,Madrid,E.S.E. HOSPITAL SANTA MATILDE DE MADRID,E.S.E. HOSPITAL SANTA MATILDE DE MADRID,ESE HOSPITAL SANTA MATILDE DE MADRID,HOSPITAL PRIMARIO II,Urbana,Departamental,
Sabana Centro Occidente,Madrid,E.S.E. HOSPITAL SANTA MATILDE DE MADRID,CENTRO DE SALUD EL SOCIEGO,CENTRO DE SALUD EL SOCIEGO,CENTRO DE SALUD,Urbana,Departamental,
Sabana Centro Occidente,Madrid,E.S.E. HOSPITAL SANTA MATILDE DE MADRID,CENTRO DE SALUD PUENTE DE PIEDRA - (254300002110),CENTRO DE SALUD PUENTE DE PIEDRA,PUESTO DE SALUD,Rural,Departamental,
Sabana Centro Occidente,Beltrán,E.S.E. HOSPITAL SAN VICENTE DE PAUL,PUESTO DE SALUD BELTRAN - (250860006103),PUESTO DE SALUD BELTRAN - (250860006103),PUESTO DE SALUD,Urbana,Departamental,
Sabana Centro Occidente,Beltrán,E.S.E. HOSPITAL SAN VICENTE DE PAUL,PUESTO DE SALUD PAQUILO,PUESTO DE SALUD PAQUILO,PUESTO DE SALUD,Urbana,Departamental,
Sabana Centro Occidente,Pulí,E.S.E. HOSPITAL SAN VICENTE DE PAUL,PUESTO DE SALUD PALESTINA,PUESTO DE SALUD PALESTINA,PUESTO DE SALUD,Urbana,Departamental,
Sabana Centro Occidente,Pulí,E.S.E. HOSPITAL SAN VICENTE DE PAUL,PUESTO DE SALUD PULI - (255800006105),PUESTO DE SALUD PULI,PUESTO DE SALUD,Urbana,Departamental,
Sabana Centro Occidente,Pulí,E.S.E. HOSPITAL SAN VICENTE DE PAUL,PUESTO DE SALUD VALPARAISO,PUESTO DE SALUD VALPARAISO,PUESTO DE SALUD,Urbana,Departamental,
Sabana Centro Occidente,Madrid,E.S.E. HOSPITAL SANTA MATILDE DE MADRID,E.S.E. HOSPITAL SANTA MATILDE DE MADRID,ESE HOSPITAL SANTA MATILDE DE MADRID,HOSPITAL PRIMARIO II,Urbana,Departamental,
Sabana Centro Occidente,Madrid,E.S.E. HOSPITAL SANTA MATILDE DE MADRID,CENTRO DE SALUD EL SOCIEGO,CENTRO DE SALUD EL SOCIEGO,CENTRO DE SALUD,Urbana,Departamental,
Sabana Centro Occidente,Madrid,E.S.E. HOSPITAL SANTA MATILDE DE MADRID,CENTRO DE SALUD PUENTE DE PIEDRA - (254300002110),CENTRO DE SALUD PUENTE DE PIEDRA,PUESTO DE SALUD,Rural,Departamental,
Sabana Centro Occidente,Zipacón,E.S.E. HOSPITAL SANTA MATILDE DE MADRID,CENTRO DE SALUD DE EL OCASO,CENTRO DE SALUD EL OCASO,PUESTO DE SALUD,Rural,Departamental,
Sabana Centro Occidente,Zipacón,E.S.E. HOSPITAL SANTA MATILDE DE MADRID,CENTRO DE SALUD DE ZIPACON,CENTRO DE SALUD DE ZIPACON,CENTRO DE SALUD,Urbana,Departamental,
Sabana Centro Occidente,Bojacá,E.S.E. HOSPITAL SANTA MATILDE DE MADRID,CENTRO DE SALUD DE BOJACA - (250990002106),CENTRO DE SALUD DE BOJACA - (250990002106),CENTRO DE SALUD,Urbana,Departamental,
Sabana Centro Occidente,El Rosal,E.S.E. HOSPITAL SANTA MATILDE DE MADRID,CENTRO DE SALUD EL ROSAL - (252600002104),CENTRO DE SALUD EL ROSAL - (252600002104),CENTRO DE SALUD,Urbana,Departamental,
Sabana Centro Occidente,Funza,E.S.E. DEL ORDEN DEPARTAMENTAL HOSPITAL NUESTRA SEÑORA DE LAS MERCEDES DEL MUNICIPIO DE FUNZA,E.S.E. DEL ORDEN DEPARTAMENTAL HOSPITAL NUESTRA SEÑORA DE LAS MERCEDES DEL MUNICIPIO DE FUNZA,E.S.E. DEL ORDEN DEPARTAMENTAL HOSPITAL NUESTRA SEÑORA DE LAS MERCEDES DEL MUNICIPIO DE FUNZA,HOSPITAL PRIMARIO II,Urbana,Departamental,
Sabana Centro Occidente,Funza,E.S.E. DEL ORDEN DEPARTAMENTAL HOSPITAL NUESTRA SEÑORA DE LAS MERCEDES DEL MUNICIPIO DE FUNZA,CENTRO DE SALUD EL HATO,CENTRO DE SALUD EL HATO,CENTRO DE SALUD,Urbana,Departamental,
Sabana Centro Occidente,Funza,E.S.E. DEL ORDEN DEPARTAMENTAL HOSPITAL NUESTRA SEÑORA DE LAS MERCEDES DEL MUNICIPIO DE FUNZA,CENTRO DE SALUD SIETE TROJES,CENTRO DE SALUD SIETE TROJES,CENTRO DE SALUD,Urbana,Departamental,
Sabana Centro Occidente,Mosquera,HOSPITAL MARIA AUXILIADORA E.S.E. DEL MUNICIPIO DE MOSQUERA,HOSPITAL MARIA AUXILIADORA EMPRESA SOCIAL DE ESTADO DEL MUNICIPIO DE MOSQUERA,HOSPITAL MARIA AUXILIADORA EMPRESA SOCIAL DE ESTADO DEL MUNICIPIO DE MOSQUERA,HOSPITAL PRIMARIO II,Urbana,Municipal,
Sabana Centro Occidente,Mosquera,HOSPITAL MARIA AUXILIADORA E.S.E. DEL MUNICIPIO DE MOSQUERA,CENTRO DE SALUD EL PORVENIR - (254730030302),CENTRO DE SALUD EL PORVENIR,CENTRO DE SALUD,Urbana,Municipal,
Sabana Centro Occidente,Mosquera,HOSPITAL MARIA AUXILIADORA E.S.E. DEL MUNICIPIO DE MOSQUERA,PUESTO DE SALUD PLANADAS,PUESTO DE SALUD PLANADAS,PUESTO DE SALUD,Urbana,Municipal,
Sabana Centro Occidente,Vianí,E.S.E. MERCEDES TELLEZ DE PRADILLA (E.S.E.) HOSPITAL VIANI PRIMER NIVEL DE ATENCION,E.S.E. MERCEDES TELLEZ DE PRADILLA (E.S.E.) HOSPITAL VIANI PRIMER NIVEL DE ATENCION - (258670190901),E.S.E. MERCEDES TELLEZ DE PRADILLA (E.S.E.) HOSPITAL VIANI PRIMER NIVEL DE ATENCION,CENTRO DE SALUD,Urbana,Municipal,
Soacha,Soacha,E.S.E. REGION DE SALUD SOACHA,HOSPITAL MARIO GAITAN YANGUAS - E.S.E. REGION DE SALUD SOACHA,HOSPITAL MARIO GAITAN YANGUAS - E.S.E. REGION DE SALUD SOACHA,HOSPITAL COMPLEMENTARIO I (REGIONAL),Urbana,Departamental,
Soacha,Soacha,E.S.E. REGION DE SALUD SOACHA,SEDE ESPECIALISTAS,SEDE ESPECIALISTAS,CENTRO DE SALUD,Urbana,Departamental,
Soacha,Soacha,E.S.E. REGION DE SALUD SOACHA,CENTRO DE SALUD CIUDAD LATINA - E.S.E. REGION DE SALUD SOACHA,CENTRO DE SALUD CIUDAD LATINA - E.S.E. REGION DE SALUD SOACHA,CENTRO DE SALUD,Urbana,Departamental,
Soacha,Soacha,E.S.E. REGION DE SALUD SOACHA,PUESTO DE SALUD LA DESPENSA - E.S.E. REGION DE SALUD SOACHA,PUESTO DE SALUD LA DESPENSA - E.S.E. REGION DE SALUD SOACHA,PUESTO DE SALUD,Urbana,Departamental,
Soacha,Soacha,E.S.E. REGION DE SALUD SOACHA,PUESTO DE SALUD LUIS CARLOS GALAN - E.S.E. REGION DE SALUD SOACHA,PUESTO DE SALUD LUIS CARLOS GALAN - E.S.E. REGION DE SALUD SOACHA,PUESTO DE SALUD,Urbana,Departamental,
Soacha,Soacha,E.S.E. REGION DE SALUD SOACHA,PUESTO DE SALUD SANTILLANA - E.S.E. REGION DE SALUD SOACHA,PUESTO DE SALUD SANTILLANA - E.S.E. REGION DE SALUD SOACHA,PUESTO DE SALUD,Urbana,Departamental,
Soacha,Soacha,E.S.E. REGION DE SALUD SOACHA,PUESTO DE SALUD SANTILLANA - E.S.E. REGION DE SALUD SOACHA,PUESTO DE SALUD SANTILLANA - E.S.E. REGION DE SALUD SOACHA,PUESTO DE SALUD,Urbana,Departamental,
Soacha,Soacha,E.S.E. REGION DE SALUD SOACHA,CENTRO DE CONSULTA EXTERNA - E.S.E. REGION DE SALUD SOACHA,CENTRO DE CONSULTA EXTERNA - E.S.E. REGION DE SALUD SOACHA,CENTRO DE SALUD,Urbana,Departamental,
Soacha,Soacha,E.S.E. REGION DE SALUD SOACHA,SEDE EL PARQUE,SEDE EL PARQUE,PUESTO DE SALUD,Urbana,Departamental,
Soacha,Sibaté,E.S.E. REGION DE SALUD SOACHA,PUESTO DE SALUD PABLO NERUDA - E.S.E. REGION DE SALUD SOACHA,PUESTO DE SALUD PABLO NERUDA - E.S.E. REGION DE SALUD SOACHA,PUESTO DE SALUD,Urbana,Departamental,
Soacha,Sibaté,E.S.E. REGION DE SALUD SOACHA,CENTRO DE SALUD DE SIBATE - E.S.E. REGION DE SALUD SOACHA,CENTRO DE SALUD DE SIBATE - E.S.E. REGION DE SALUD SOACHA,HOSPITAL PRIMARIO I,Urbana,Departamental,
Soacha,Granada,E.S.E. REGION DE SALUD SOACHA,CENTRO DE SALUD DE GRANADA - E.S.E. REGION DE SALUD SOACHA,CENTRO DE SALUD DE GRANADA - E.S.E. REGION DE SALUD SOACHA,CENTRO DE SALUD,Urbana,Departamental,
Soacha,Soacha,E.S.E. E.S.E MUNICIPAL DE SOACHA JULIO CESAR PEÑALOZA,E.S.E. E.S.E MUNICIPAL DE SOACHA - SEDE SAN MATEO - (257540007502),E.S.E. E.S.E MUNICIPAL DE SOACHA - SEDE SAN MATEO,CENTRO DE SALUD,Urbana,Municipal,
Soacha,Soacha,E.S.E. E.S.E MUNICIPAL DE SOACHA JULIO CESAR PEÑALOZA,E.S.E. E.S.E MUNICIPAL DE SOACHA JULIO CESAR PEÑALOZA - SEDE CIUDADELA SUCRE - (257540007504),E.S.E. E.S.E MUNICIPAL DE SOACHA JULIO CESAR PEÑALOZA - SEDE CIUDADELA SUCRE,PUESTO DE SALUD,Urbana,Municipal,
Soacha,Soacha,E.S.E. E.S.E MUNICIPAL DE SOACHA JULIO CESAR PEÑALOZA,EMPRESA DE SALUD E.S.E DEL MUNICIPIO DE SOACHA- SEDE COMPARTIR - (257540007505),EMPRESA DE SALUD E.S.E DEL MUNICIPIO DE SOACHA- SEDE COMPARTIR,PUESTO DE SALUD,Urbana,Municipal,
Soacha,Soacha,E.S.E. E.S.E MUNICIPAL DE SOACHA JULIO CESAR PEÑALOZA,SEDE CIUDAD VERDE,*,HOSPITAL PRIMARIO I,Urbana,Municipal,
Soacha,Soacha,E.S.E. E.S.E MUNICIPAL DE SOACHA JULIO CESAR PEÑALOZA,SEDE LAS VEGAS,*,HOSPITAL PRIMARIO II,Urbana,Municipal,
Soacha,Soacha,E.S.E. E.S.E MUNICIPAL DE SOACHA JULIO CESAR PEÑALOZA,CENTRO DE SALUD QUINTAS DE LA LAGUNA,*,CENTRO DE SALUD,Urbana,Municipal,
Soacha,Soacha,E.S.E. E.S.E MUNICIPAL DE SOACHA JULIO CESAR PEÑALOZA,E.S.E. E.S.E MUNICIPAL DE SOACHA JULIO CESAR PEÑALOZA - SEDE LOS OLIVOS - (257540007503),E.S.E. E.S.E MUNICIPAL DE SOACHA JULIO CESAR PEÑALOZA - SEDE LOS OLIVOS,PUESTO DE SALUD,Urbana,Municipal,
Soacha,Soacha,E.S.E. E.S.E MUNICIPAL DE SOACHA JULIO CESAR PEÑALOZA,CENTRO DE TALENTOS ESPECIALES - E.S.E. E.S.E MUNICIPAL DE SOACHA JULIO CESAR PEÑALOZA,*,CENTRO DE SALUD,Urbana,Municipal,
Soacha,Soacha,E.S.E. E.S.E MUNICIPAL DE SOACHA JULIO CESAR PEÑALOZA,E.S.E. E.S.E MUNICIPAL DE SOACHA JULIO CESAR PEÑALOZA - SEDE SAN MARCOS (257540007501),E.S.E. E.S.E MUNICIPAL DE SOACHA JULIO CESAR PEÑALOZA - SEDE SAN MARCOS,CENTRO DE SALUD,Urbana,Municipal,
Soacha,Soacha,HOSPITAL CARDIOVASCULAR DE CUNDINAMARCA S.A,HOSPITAL CARDIOVASCULAR DE CUNDINAMARCA S.A,HOSPITAL CARDIOVASCULAR DE CUNDINAMARCA S.A,HOSPITAL COMPLEMENTARIO I (REGIONAL),Urbana,Operador privado,INFRAESTRUCTURA PÚBLICA OPERADA POR PRIVADO
Sur,Fusagasugá,E.S.E. HOSPITAL SAN RAFAEL DE FUSAGASUGA,E.S.E. HOSPITAL SAN RAFAEL DE FUSAGASUGA,E.S.E. HOSPITAL SAN RAFAEL DE FUSAGASUGA,HOSPITAL COMPLEMENTARIO I (REGIONAL),Urbana,Departamental,
Sur,Fusagasugá,E.S.E. HOSPITAL SAN RAFAEL DE FUSAGASUGA,CENTRO DE ATENCION AMBULATORIA,CENTRO DE ATENCION AMBULATORIA,CENTRO DE SALUD,Urbana,Departamental,
Sur,Fusagasugá,E.S.E. HOSPITAL SAN RAFAEL DE FUSAGASUGA,PUESTO DE SALUD BOSACHOQUE - (252900003604),PUESTO DE SALUD BOSACHOQUE - (252900003604),PUESTO DE SALUD,Rural,Departamental,
Sur,Fusagasugá,E.S.E. HOSPITAL SAN RAFAEL DE FUSAGASUGA,PUESTO DE SALUD CHINAUTA - (252900003615),PUESTO DE SALUD CHINAUTA - (252900003615),PUESTO DE SALUD,Rural,Departamental,
Sur,Fusagasugá,E.S.E. HOSPITAL SAN RAFAEL DE FUSAGASUGA,PUESTO DE SALUD DEL PROGRESO - (252900003614),PUESTO DE SALUD DEL PROGRESO - (252900003614),PUESTO DE SALUD,Urbana,Departamental,
Sur,Fusagasugá,E.S.E. HOSPITAL SAN RAFAEL DE FUSAGASUGA,PUESTO DE SALUD LA AGUADITA - (252900003602),PUESTO DE SALUD LA AGUADITA - (252900003602),PUESTO DE SALUD,Rural,Departamental,
Sur,Fusagasugá,E.S.E. HOSPITAL SAN RAFAEL DE FUSAGASUGA,PUESTO DE SALUD LA TRINIDAD - (252900003612),PUESTO DE SALUD LA TRINIDAD - (252900003612),PUESTO DE SALUD,Rural,Departamental,
Sur,Fusagasugá,E.S.E. HOSPITAL SAN RAFAEL DE FUSAGASUGA,PUESTO DE SALUD LA VENTA - (252900003603),PUESTO DE SALUD LA VENTA - (252900003603),PUESTO DE SALUD,Urbana,Departamental,
Sur,Fusagasugá,E.S.E. HOSPITAL SAN RAFAEL DE FUSAGASUGA,PUESTO DE SALUD NOVILLERO - (252900003608),PUESTO DE SALUD NOVILLERO - (252900003608),PUESTO DE SALUD,Rural,Departamental,
Sur,Fusagasugá,E.S.E. HOSPITAL SAN RAFAEL DE FUSAGASUGA,PUESTO DE SALUD OBRERO - (252900003613),PUESTO DE SALUD OBRERO - (252900003613),PUESTO DE SALUD,Urbana,Departamental,
Sur,Pasca,E.S.E. HOSPITAL SAN RAFAEL DE FUSAGASUGA,PUESTO DE SALUD DE PASCA - (255350003611),PUESTO DE SALUD DE PASCA,PUESTO DE SALUD,Urbana,Departamental,
Sur,Tibacuy,E.S.E. HOSPITAL SAN RAFAEL DE FUSAGASUGA,PUESTO DE SALUD DE BATEAS,*,PUESTO DE SALUD,Urbana,Departamental,
Sur,Tibacuy,E.S.E. HOSPITAL SAN RAFAEL DE FUSAGASUGA,PUESTO DE SALUD CUMACA - (258050003607),PUESTO DE SALUD CUMACA,PUESTO DE SALUD,Urbana,Departamental,
Sur,Tibacuy,E.S.E. HOSPITAL SAN RAFAEL DE FUSAGASUGA,PUESTO DE SALUD TIBACUY - (258050003605),PUESTO DE SALUD TIBACUY,PUESTO DE SALUD,Urbana,Departamental,
Sur,Arbeláez,E.S.E. HOSPITAL SAN ANTONIO DE ARBELAEZ,E.S.E. HOSPITAL SAN ANTONIO DE ARBELAEZ,E.S.E. HOSPITAL SAN ANTONIO DE ARBELAEZ,HOSPITAL PRIMARIO I,Urbana,Departamental,
Sur,Arbeláez,E.S.E. HOSPITAL SAN ANTONIO DE ARBELAEZ,SEDE UNIDAD DE TERAPIAS SAN ANTONIO,SEDE UNIDAD DE TERAPIAS SAN ANTONIO,CENTRO DE SALUD,Urbana,Departamental,
Sur,Cabrera,E.S.E. HOSPITAL SAN ANTONIO DE ARBELAEZ,CENTRO DE SALUD CABRERA,CENTRO DE SALUD CABRERA,CENTRO DE SALUD,Urbana,Departamental,
Sur,Pandi,E.S.E. HOSPITAL SAN ANTONIO DE ARBELAEZ,CENTRO DE SALUD PANDI,CENTRO DE SALUD PANDI,CENTRO DE SALUD,Urbana,Departamental,
Sur,San Bernardo,E.S.E. HOSPITAL SAN ANTONIO DE ARBELAEZ,CENTRO DE SALUD DE SAN BERNARDO,CENTRO DE SALUD DE SAN BERNARDO,CENTRO DE SALUD,Urbana,Departamental,
Sur,Venecia,E.S.E. HOSPITAL SAN ANTONIO DE ARBELAEZ,CENTRO DE SALUD VENECIA,CENTRO DE SALUD VENECIA,CENTRO DE SALUD,Urbana,Departamental,
Sur,Silvania,HOSPITAL ISMAEL SILVA E.S.E.,HOSPITAL ISMAEL SILVA E.S.E. - (257430038101),HOSPITAL ISMAEL SILVA E.S.E.,HOSPITAL PRIMARIO I,Urbana,Municipal,
Sur,Silvania,HOSPITAL ISMAEL SILVA E.S.E.,HOSPITAL ISMAEL SILVA ESE SEDE AGUABONITA - (257430038103),HOSPITAL ISMAEL SILVA ESE SEDE AGUABONITA,PUESTO DE SALUD,Urbana,Municipal,
Sur,Silvania,HOSPITAL ISMAEL SILVA E.S.E.,HOSPITAL ISMAEL SILVA ESE SEDE SUBIA - (257430038102),HOSPITAL ISMAEL SILVA ESE SEDE SUBIA,PUESTO DE SALUD,Urbana,Municipal,
Suroccidente,Girardot,ESE HOSPITAL UNIVERSITARIO DE LA SAMARITANA,HOSPITAL SAN RAFAEL DE GIRARDOT - HUS,HOSPITAL SAN RAFAEL DE GIRARDOT - HUS,HOSPITAL COMPLEMENTARIO I (REGIONAL),Urbana,Departamental,
Suroccidente,Girardot,ESE HOSPITAL UNIVERSITARIO DE LA SAMARITANA,ESE HOSPITAL UNIVERSITARIO DE LA SAMARITANA - CENTRO DE SALUD KENNEDY,ESE HOSPITAL UNIVERSITARIO DE LA SAMARITANA - CENTRO DE SALUD KENNEDY,CENTRO DE SALUD,Urbana,Departamental,
Suroccidente,Girardot,ESE HOSPITAL UNIVERSITARIO DE LA SAMARITANA,CENTRO DE ATENCIÓN PRIMARIA SAN RAFAEL DE GIRARDOT,CENTRO DE ATENCIÓN PRIMARIA SAN RAFAEL DE GIRARDOT,CENTRO DE SALUD,Urbana,Departamental,
Suroccidente,Girardot,ESE HOSPITAL UNIVERSITARIO DE LA SAMARITANA,ESE HOSPITAL UNIVERSITARIO DE LA SAMARITANA - CENTRO DE SALUD BUENOS AIRES,ESE HOSPITAL UNIVERSITARIO DE LA SAMARITANA - CENTRO DE SALUD BUENOS AIRES,CENTRO DE SALUD,Urbana,Departamental,"En proceso de entrega para la operación e inscripción en el REPS por parte de la ESE Hospital Universitario de la Samaritana, en cumplimiento del alcance N°2 al PTRRMR del 18 de febrero de 2026 y el Decreto departamental N°130 del 14 abril de 2026."
Suroccidente,Girardot,ESE HOSPITAL UNIVERSITARIO DE LA SAMARITANA,PUESTO DE SALUD BARZALOSA,*,PUESTO DE SALUD,Urbana,Departamental,"En proceso de entrega para la operación e inscripción en el REPS por parte de la ESE Hospital Universitario de la Samaritana, en cumplimiento del alcance N°2 al PTRRMR del 18 de febrero de 2026 y el Decreto departamental N°130 del 14 abril de 2026."
Suroccidente,Girardot,ESE HOSPITAL UNIVERSITARIO DE LA SAMARITANA,ESE HOSPITAL UNIVERSITARIO DE LA SAMARITANA -PUESTO DE SALUD DE MIRAFLORES,ESE HOSPITAL UNIVERSITARIO DE LA SAMARITANA - PUESTO DE SALUD DE MIRAFLORES,PUESTO DE SALUD,Urbana,Departamental,"En proceso de entrega para la operación e inscripción en el REPS por parte de la ESE Hospital Universitario de la Samaritana, en cumplimiento del alcance N°2 al PTRRMR del 18 de febrero de 2026 y el Decreto departamental N°130 del 14 abril de 2026."
Suroccidente,Girardot,ESE HOSPITAL UNIVERSITARIO DE LA SAMARITANA,PUESTO DE SALUD DIEZ DE MAYO,*,PUESTO DE SALUD,Urbana,Departamental,"En proceso de entrega para la operación e inscripción en el REPS por parte de la ESE Hospital Universitario de la Samaritana, en cumplimiento del alcance N°2 al PTRRMR del 18 de febrero de 2026 y el Decreto departamental N°130 del 14 abril de 2026."
Suroccidente,Guataquí,ESE HOSPITAL UNIVERSITARIO DE LA SAMARITANA,PUESTO DE SALUD DE GUATAQUI,PUESTO DE SALUD DE GUATAQUI,PUESTO DE SALUD,Urbana,Departamental,
Suroccidente,Nariño,ESE HOSPITAL UNIVERSITARIO DE LA SAMARITANA,PUESTO DE SALUD NARIÑO,PUESTO DE SALUD NARIÑO,PUESTO DE SALUD,Urbana,Departamental,
Suroccidente,Nilo,ESE HOSPITAL UNIVERSITARIO DE LA SAMARITANA,PUESTO DE SALUD NILO,PUESTO DE SALUD NILO,CENTRO DE SALUD,Urbana,Departamental,
Suroccidente,Nilo,ESE HOSPITAL UNIVERSITARIO DE LA SAMARITANA,CENTRO DE SALUD PUEBLO NUEVO,CENTRO DE SALUD PUEBLO NUEVO,PUESTO DE SALUD,Urbana,Departamental,"En proceso de entrega para la operación e inscripción en el REPS por parte de la ESE Hospital Universitario de la Samaritana, en cumplimiento del alcance N°2 al PTRRMR del 18 de febrero de 2026 y el Decreto departamental N°130 del 14 abril de 2026."
Suroccidente,Tocaima,E.S.E. HOSPITAL MARCO FELIPE AFANADOR DE TOCAIMA,E.S.E. HOSPITAL MARCO FELIPE AFANADOR DE TOCAIMA - (258150002701),E.S.E. HOSPITAL MARCO FELIPE AFANADOR DE TOCAIMA,HOSPITAL PRIMARIO II,Urbana,Departamental,
Suroccidente,Agua De Dios,E.S.E. HOSPITAL MARCO FELIPE AFANADOR DE TOCAIMA,CENTRO DE SALUD JOHAN DE AGUA DE DIOS - (250010002702),CENTRO DE SALUD JOHAN DE AGUA DE DIOS - (250010002702),CENTRO DE SALUD,Urbana,Departamental,
Suroccidente,Jerusalén,E.S.E. HOSPITAL MARCO FELIPE AFANADOR DE TOCAIMA,PUESTO DE SALUD JERUSALEN - (253680002704),PUESTO DE SALUD JERUSALEN - (253680002704),PUESTO DE SALUD,Urbana,Departamental,
Suroccidente,Apulo,E.S.E. HOSPITAL MARCO FELIPE AFANADOR DE TOCAIMA,CENTRO DE SALUD RAFAEL REYES DE APULO - (255990002703),CENTRO DE SALUD RAFAEL REYES DE APULO - (255990002703),CENTRO DE SALUD,Urbana,Departamental,
Suroccidente,Viotá,E.S.E. HOSPITAL SAN FRANCISCO DE VIOTA,E.S.E. HOSPITAL SAN FRANCISCO DE VIOTA,E.S.E. HOSPITAL SAN FRANCISCO DE VIOTA,HOSPITAL PRIMARIO I,Urbana,Departamental,
Suroccidente,Viotá,E.S.E. HOSPITAL SAN FRANCISCO DE VIOTA,PUESTO DE SALUD LIBERIA,PUESTO DE SALUD LIBERIA,PUESTO DE SALUD,Urbana,Departamental,
Suroccidente,Viotá,E.S.E. HOSPITAL SAN FRANCISCO DE VIOTA,PUESTO DE SALUD SAN GABRIEL,PUESTO DE SALUD SAN GABRIEL,PUESTO DE SALUD,Urbana,Departamental,
Suroccidente,Ricaurte,E.S.E. CENTRO DE SALUD DE RICAURTE,E.S.E. CENTRO DE SALUD DE RICAURTE - (256120183201),E.S.E. CENTRO DE SALUD DE RICAURTE,HOSPITAL PRIMARIO I,Urbana,Municipal,
Suroccidente,Agua De Dios,SANATORIO DE AGUA DE DIOS E.S.E.,SANATORIO DE AGUA DE DIOS E.S.E. - (250010009401),SANATORIO DE AGUA DE DIOS E.S.E. - (250010009401),HOSPITAL PRIMARIO I,Urbana,Nacional,
Suroriente,Cáqueza,E.S.E. HOSPITAL SAN RAFAEL DE CAQUEZA,E.S.E. HOSPITAL SAN RAFAEL DE CAQUEZA,E.S.E. HOSPITAL SAN RAFAEL DE CAQUEZA,HOSPITAL COMPLEMENTARIO I (REGIONAL),Urbana,Departamental,
Suroriente,Chipaque,E.S.E. HOSPITAL SAN RAFAEL DE CAQUEZA,CENTRO DE SALUD DE CHIPAQUE - (251780001602),CENTRO DE SALUD DE CHIPAQUE - (251780001602),CENTRO DE SALUD,Urbana,Departamental,
Suroriente,Guayabetal,E.S.E. HOSPITAL SAN RAFAEL DE CAQUEZA,CENTRO DE SALUD DE GUAYABETAL,CENTRO DE SALUD DE GUAYABETAL,CENTRO DE SALUD,Urbana,Departamental,
Suroriente,Gutiérrez,E.S.E. HOSPITAL SAN RAFAEL DE CAQUEZA,CENTRO DE SALUD DE GUTIERREZ - (253390001605),CENTRO DE SALUD DE GUTIERREZ - (253390001605),CENTRO DE SALUD,Urbana,Departamental,
Suroriente,Quetame,E.S.E. HOSPITAL SAN RAFAEL DE CAQUEZA,CENTRO DE SALUD DE QUETAME,CENTRO DE SALUD DE QUETAME,CENTRO DE SALUD,Urbana,Departamental,
Suroriente,Quetame,E.S.E. HOSPITAL SAN RAFAEL DE CAQUEZA,CENTRO DE SALUD DE QUETAME,CENTRO DE SALUD DE QUETAME,CENTRO DE SALUD,Urbana,Departamental,
Suroriente,Quetame,E.S.E. HOSPITAL SAN RAFAEL DE CAQUEZA,PUESTO DE SALUD PUENTE QUETAME,PUESTO DE SALUD PUENTE QUETAME,PUESTO DE SALUD,Urbana,Departamental,
Suroriente,Fomeque,E.S.E. HOSPITAL SAN VICENTE DE PAUL DE FOMEQUE,E.S.E. HOSPITAL SAN VICENTE DE PAUL FOMEQUE,E.S.E. HOSPITAL SAN VICENTE DE PAUL FOMEQUE,HOSPITAL PRIMARIO II,Urbana,Departamental,
Suroriente,Choachí,E.S.E. HOSPITAL SAN VICENTE DE PAUL DE FOMEQUE,CENTRO DE SALUD DE CHOACHI,CENTRO DE SALUD DE CHOACHI,CENTRO DE SALUD,Urbana,Departamental,
Suroriente,Fomeque,E.S.E. HOSPITAL SAN VICENTE DE PAUL DE FOMEQUE,PUESTO DE SALUD LA UNION,*,PUESTO DE SALUD,Urbana,Departamental,
Suroriente,Ubaque,E.S.E. HOSPITAL SAN VICENTE DE PAUL DE FOMEQUE,CENTRO DE SALUD UBAQUE,CENTRO DE SALUD UBAQUE,CENTRO DE SALUD,Urbana,Departamental,
Suroriente,Ubaque,E.S.E. HOSPITAL SAN VICENTE DE PAUL DE FOMEQUE,PUESTO DE SALUD PUEBLO VIEJO,,PUESTO DE SALUD,Urbana,Departamental,
Suroriente,Une,E.S.E. CENTRO DE SALUD TIMOTEO RIVEROS CUBILLOS,E.S.E. CENTRO DE SALUD TIMOTEO RIVEROS CUBILLOS - (258450189601),E.S.E. CENTRO DE SALUD TIMOTEO RIVEROS CUBILLOS,HOSPITAL PRIMARIO I,Urbana,Municipal,
Suroriente,Fosca,CENTRO DE SALUD DE FOSCA E.S.E.,CENTRO DE SALUD DE FOSCA E.S.E - (252810021201),CENTRO DE SALUD DE FOSCA E.S.E - (252810021201),CENTRO DE SALUD,Urbana,Municipal,
Suroriente,Fosca,CENTRO DE SALUD DE FOSCA E.S.E.,PUESTO DE SALUD DE SANAME,PUESTO DE SALUD DE SANAME,PUESTO DE SALUD,Rural,Municipal,
Notas Aclaratorias (*) No estan en el REPS (21) (**) Pendiente asignación nombre para REPS (1) (***) Nombre asignado por Decreto 130 de 2026 (1),,,,,,,,